student_id,skill_name,verified_score
1,Node.js,79.0
1,Java,66.2
1,Go,85.3
1,HTML/CSS,73.4
1,TensorFlow,49.5
1,FastAPI,71.6
1,Figma,47.7
1,A/B Testing,80.8
1,Kubernetes,64.1
2,DSA,57.7
2,Linux,55.8
2,Spring Boot,50.4
2,PowerBI,76.1
2,Communication,85.3
2,Pandas,62.9
2,SQL,49.9
2,Airflow,50.2
2,FastAPI,76.7
3,Git,80.7
3,Airflow,69.0
3,Django,77.2
3,PyTorch,66.2
3,HTML/CSS,70.2
3,Java,76.4
4,NumPy,67.9
4,AWS,75.6
4,PowerBI,77.8
4,React,79.3
4,Airflow,58.7
4,JavaScript,56.7
4,SQL,80.4
4,Kubernetes,61.6
5,Spring Boot,53.1
5,Django,58.5
5,C++,58.1
5,SQL,43.5
5,NumPy,73.8
5,Tableau,56.6
5,React,65.2
5,Spark,73.7
5,scikit-learn,73.0
6,FastAPI,72.2
6,Django,48.7
6,Figma,58.2
6,scikit-learn,88.4
6,Pandas,58.6
6,Excel,78.3
7,Airflow,54.3
7,Docker,39.0
7,Java,66.3
7,Tableau,55.5
7,Statistics,69.2
7,React,65.4
8,Node.js,43.6
8,HTML/CSS,53.5
8,Kubernetes,48.3
8,C++,58.0
8,SQL,40.2
8,Java,76.4
8,PowerBI,61.0
9,SQL,54.0
9,Figma,62.5
9,Excel,84.2
9,Django,67.8
9,Communication,62.1
9,Docker,46.4
9,Java,34.9
9,NumPy,56.2
9,AWS,64.0
9,FastAPI,96.8
10,Spring Boot,71.9
10,React,62.2
10,Docker,64.3
10,REST APIs,53.2
10,Statistics,73.0
10,Git,56.8
10,SQL,42.9
10,Spark,42.0
10,Pandas,68.1
11,PyTorch,68.3
11,Python,43.0
11,Node.js,40.4
11,Docker,94.7
11,HTML/CSS,96.0
11,Linux,61.8
11,AWS,58.1
11,JavaScript,91.3
12,C++,28.1
12,Spark,64.1
12,Docker,49.8
12,PyTorch,43.1
12,A/B Testing,49.2
12,AWS,59.0
12,NumPy,81.5
12,Kubernetes,41.1
12,scikit-learn,65.6
13,PowerBI,74.7
13,DSA,89.1
13,Java,62.2
14,Statistics,54.4
14,DSA,70.7
14,Git,86.7
14,JavaScript,51.9
14,C++,53.2
14,React,26.3
14,Spring Boot,62.1
14,Tableau,45.9
14,Figma,55.5
14,AWS,49.2
15,PowerBI,71.1
15,AWS,96.1
15,scikit-learn,47.2
15,Statistics,60.6
15,NumPy,79.0
15,HTML/CSS,72.8
15,Communication,58.2
15,Figma,62.6
16,Pandas,73.5
16,SQL,83.2
16,C++,67.8
17,HTML/CSS,100.0
17,Airflow,93.3
17,Git,71.9
17,Spark,51.3
17,C++,45.0
18,TensorFlow,63.1
18,Statistics,60.5
18,HTML/CSS,67.7
18,Figma,91.5
18,Communication,18.8
18,Java,60.7
18,Linux,68.2
18,REST APIs,70.3
18,NumPy,58.3
19,TensorFlow,59.0
19,Kubernetes,88.4
19,Excel,75.5
19,PowerBI,96.2
19,Pandas,86.2
19,Figma,72.9
20,PyTorch,86.1
20,DSA,78.5
20,Go,97.8
20,AWS,78.2
20,REST APIs,36.7
20,Airflow,63.8
20,Django,43.9
20,Node.js,55.7
20,Java,92.2
21,Django,70.5
21,NumPy,66.3
21,SQL,72.5
21,DSA,94.1
21,Java,27.9
21,Spring Boot,54.4
21,JavaScript,75.6
21,HTML/CSS,36.5
21,Git,91.6
22,Spring Boot,62.3
22,Node.js,71.9
22,C++,83.0
22,A/B Testing,45.9
22,Django,62.7
22,FastAPI,91.7
22,TensorFlow,51.6
22,Figma,50.2
23,Tableau,56.8
23,Communication,66.9
23,Python,88.6
23,JavaScript,36.2
23,Airflow,42.5
23,Spark,36.2
23,C++,50.7
23,Git,72.9
23,PyTorch,74.4
24,FastAPI,69.1
24,SQL,74.5
24,Linux,52.3
24,Spark,61.8
24,HTML/CSS,68.5
24,DSA,79.8
24,Communication,57.9
24,scikit-learn,74.4
24,PyTorch,60.2
25,Linux,23.0
25,FastAPI,52.8
25,DSA,78.5
26,Git,38.4
26,Pandas,49.0
26,C++,58.6
26,Django,79.5
26,React,96.0
26,Go,40.1
26,SQL,72.1
26,JavaScript,46.3
26,PowerBI,73.5
26,Tableau,62.6
27,C++,88.8
27,PyTorch,58.8
27,REST APIs,38.4
27,Docker,84.2
27,Node.js,59.0
27,Java,85.1
27,Communication,71.9
27,Excel,62.6
28,PyTorch,64.5
28,React,70.7
28,Communication,50.0
28,A/B Testing,36.4
28,Statistics,27.7
28,JavaScript,44.9
29,Docker,71.3
29,React,57.7
29,AWS,59.9
30,Pandas,75.5
30,C++,64.0
30,Django,61.9
30,Docker,51.0
30,Kubernetes,72.7
30,Tableau,49.7
30,PyTorch,77.0
30,Node.js,84.5
31,Kubernetes,32.0
31,TensorFlow,59.0
31,Git,29.2
32,A/B Testing,36.9
32,FastAPI,59.6
32,Excel,66.8
32,JavaScript,63.5
32,Kubernetes,79.2
32,Pandas,71.2
32,Docker,77.0
32,Git,52.6
32,DSA,81.2
33,Tableau,48.1
33,REST APIs,56.9
33,PowerBI,73.1
33,Django,36.8
33,Linux,76.5
33,Figma,55.3
33,Statistics,85.7
33,Docker,21.9
33,React,50.8
33,Spark,34.6
34,Spring Boot,70.3
34,Tableau,100.0
34,TensorFlow,63.4
34,FastAPI,59.5
34,Kubernetes,51.4
34,SQL,46.4
34,DSA,42.6
34,Go,49.0
34,REST APIs,63.7
35,React,48.8
35,Communication,68.4
35,Node.js,38.8
35,FastAPI,89.1
35,DSA,87.5
35,PyTorch,60.5
35,Python,71.5
35,Spark,21.6
35,scikit-learn,44.2
35,NumPy,59.7
36,Kubernetes,57.4
36,REST APIs,35.3
36,C++,41.9
36,Airflow,57.4
36,FastAPI,55.6
36,Django,79.6
36,A/B Testing,69.3
36,PowerBI,33.1
36,Tableau,74.3
37,Tableau,39.4
37,Go,73.0
37,NumPy,50.5
37,AWS,41.9
37,Figma,77.8
37,Airflow,69.3
37,Spark,53.9
37,DSA,91.1
37,Node.js,57.1
38,Git,57.6
38,C++,89.5
38,scikit-learn,46.3
39,scikit-learn,38.1
39,Go,77.6
39,PowerBI,100.0
39,JavaScript,68.1
39,FastAPI,58.9
39,Git,62.4
39,Tableau,76.1
39,Django,33.8
39,HTML/CSS,68.0
40,scikit-learn,64.7
40,Java,48.8
40,Python,58.8
40,TensorFlow,63.5
40,JavaScript,34.3
40,SQL,35.9
40,Git,73.7
40,Pandas,55.6
40,Airflow,18.8
40,PyTorch,79.1
41,React,79.7
41,PyTorch,76.3
41,Node.js,87.5
41,Excel,55.6
41,scikit-learn,57.2
41,Statistics,56.4
41,Pandas,79.2
41,Go,92.0
42,Spark,48.5
42,Figma,61.4
42,PowerBI,85.0
42,React,60.6
42,Communication,46.4
42,Tableau,64.0
42,Django,83.9
42,SQL,47.4
43,PowerBI,46.4
43,NumPy,64.8
43,Tableau,61.2
43,AWS,43.1
44,AWS,38.1
44,Git,48.4
44,Spark,91.3
44,Docker,70.1
44,Spring Boot,78.8
45,Pandas,61.6
45,Go,70.0
45,Spark,67.8
46,Django,46.6
46,Go,31.5
46,React,66.8
46,JavaScript,81.8
47,HTML/CSS,85.4
47,PyTorch,48.4
47,C++,80.4
47,scikit-learn,76.5
47,Statistics,73.0
47,Linux,87.5
47,DSA,76.4
48,Excel,95.3
48,Python,96.1
48,PowerBI,89.5
48,Go,69.6
48,HTML/CSS,89.3
49,SQL,64.1
49,Django,63.6
49,C++,97.4
49,Node.js,81.1
50,Tableau,51.6
50,Git,42.5
50,Airflow,74.2
50,Java,72.0
51,SQL,84.8
51,HTML/CSS,62.6
51,React,42.6
51,Django,59.3
51,scikit-learn,68.9
51,Communication,61.4
51,Pandas,54.6
51,Docker,69.6
51,Spark,55.9
52,PowerBI,44.5
52,Django,56.3
52,Node.js,90.9
53,Go,93.1
53,Node.js,44.7
53,Linux,58.2
53,PyTorch,51.4
53,FastAPI,48.9
53,Pandas,59.1
53,Statistics,90.7
53,C++,98.1
53,Tableau,59.0
54,Figma,81.4
54,Git,65.6
54,Airflow,70.0
54,REST APIs,65.3
54,PyTorch,71.1
54,FastAPI,72.6
54,HTML/CSS,30.1
54,Spring Boot,77.0
54,Django,47.3
54,Excel,39.0
55,PowerBI,66.1
55,Kubernetes,30.9
55,AWS,29.7
55,SQL,64.8
55,A/B Testing,61.0
55,scikit-learn,63.1
55,NumPy,64.5
55,Node.js,69.1
55,Statistics,82.1
56,SQL,59.4
56,JavaScript,83.9
56,AWS,52.8
56,Pandas,49.5
56,DSA,73.6
56,TensorFlow,37.4
56,Spark,72.0
56,scikit-learn,66.8
56,Git,62.3
56,Tableau,93.6
57,TensorFlow,90.9
57,Spark,74.5
57,REST APIs,89.5
57,DSA,31.1
57,NumPy,59.3
57,Go,49.4
57,FastAPI,67.1
57,Node.js,54.7
57,Java,62.0
57,A/B Testing,98.9
58,PowerBI,75.6
58,React,44.3
58,Excel,63.4
58,JavaScript,81.9
58,TensorFlow,80.6
58,Go,68.8
58,Pandas,81.0
59,Excel,73.1
59,Node.js,73.6
59,Docker,44.1
59,A/B Testing,52.2
59,Django,89.7
59,Spark,56.3
59,Airflow,100.0
60,Figma,65.6
60,Spark,59.9
60,HTML/CSS,63.1
60,Linux,69.0
60,Tableau,76.1
60,Node.js,47.0
60,scikit-learn,46.3
60,Docker,84.9
60,Django,57.6
61,FastAPI,75.9
61,Django,59.6
61,Communication,56.3
61,React,80.7
61,Java,91.6
61,Airflow,97.3
61,Docker,88.7
62,Spring Boot,57.5
62,Docker,76.4
62,A/B Testing,65.1
62,React,71.1
62,Git,77.1
62,Django,58.3
63,Go,58.9
63,Statistics,76.2
63,React,71.1
63,Spring Boot,70.7
63,Node.js,72.4
63,HTML/CSS,76.1
63,scikit-learn,27.1
63,Communication,58.4
64,Go,65.0
64,Git,82.8
64,scikit-learn,55.0
64,Figma,79.5
64,PyTorch,77.2
64,DSA,47.8
64,SQL,82.5
65,Go,42.6
65,NumPy,61.3
65,HTML/CSS,67.0
65,PyTorch,100.0
65,PowerBI,40.2
65,Communication,91.5
66,PyTorch,45.7
66,Kubernetes,73.2
66,NumPy,91.0
66,PowerBI,63.6
66,TensorFlow,61.5
66,Pandas,44.9
66,DSA,60.9
66,Communication,36.3
67,Tableau,69.4
67,Python,62.3
67,PowerBI,72.8
67,Django,66.1
68,Java,63.8
68,Node.js,93.4
68,Tableau,73.9
68,TensorFlow,82.5
68,Go,87.4
68,React,85.3
68,Figma,76.1
68,DSA,75.8
68,Kubernetes,74.4
68,REST APIs,45.2
69,Linux,85.4
69,NumPy,58.5
69,Go,71.3
69,PyTorch,47.2
69,Statistics,73.1
69,DSA,65.1
69,Excel,51.5
69,C++,60.8
69,Spring Boot,61.7
70,React,88.2
70,Spark,66.1
70,Figma,65.7
70,scikit-learn,63.4
70,Airflow,65.1
70,Python,95.9
70,Statistics,23.2
70,SQL,29.0
71,Java,83.5
71,HTML/CSS,68.3
71,Statistics,82.3
71,JavaScript,69.9
72,Spring Boot,37.9
72,Node.js,47.3
72,Communication,49.5
72,Statistics,100.0
72,Figma,97.4
72,DSA,57.6
72,TensorFlow,58.5
72,Linux,44.3
73,Spring Boot,72.5
73,JavaScript,41.2
73,PowerBI,80.4
73,scikit-learn,50.6
73,Airflow,76.4
73,NumPy,64.8
74,Django,83.1
74,Spring Boot,60.4
74,HTML/CSS,78.5
74,Node.js,99.8
75,Tableau,53.3
75,Pandas,52.9
75,JavaScript,52.2
75,Airflow,49.2
75,Python,100.0
75,scikit-learn,70.4
75,FastAPI,81.0
76,Statistics,24.5
76,Go,43.5
76,Python,88.8
76,JavaScript,64.2
77,Excel,43.7
77,Linux,66.6
77,TensorFlow,70.9
77,SQL,50.7
77,Communication,65.5
77,PowerBI,75.3
77,Pandas,76.1
77,JavaScript,92.9
77,Docker,88.0
78,REST APIs,82.4
78,A/B Testing,92.3
78,Excel,50.7
78,PowerBI,70.4
78,Django,51.9
78,HTML/CSS,53.7
78,DSA,78.9
79,scikit-learn,62.9
79,Docker,50.0
79,Communication,76.9
79,Go,76.7
79,React,75.7
79,PowerBI,92.7
80,Spring Boot,79.3
80,Airflow,66.1
80,A/B Testing,69.5
80,REST APIs,41.1
80,Docker,64.6
80,Linux,100.0
80,SQL,79.8
80,Java,68.1
80,Python,57.1
80,Go,57.9
81,Linux,27.5
81,Java,76.1
81,Airflow,78.6
81,A/B Testing,60.5
81,Pandas,20.3
81,Statistics,47.1
82,A/B Testing,98.1
82,Spark,61.3
82,Communication,71.8
82,JavaScript,38.3
82,Statistics,86.4
82,PowerBI,51.3
83,Communication,45.7
83,SQL,80.8
83,Git,69.9
83,AWS,72.4
83,Django,98.5
83,JavaScript,73.4
83,Kubernetes,76.8
83,DSA,100.0
84,Kubernetes,63.0
84,Excel,60.4
84,TensorFlow,75.1
84,Pandas,41.7
84,JavaScript,71.3
84,DSA,99.4
84,Figma,73.4
84,SQL,58.2
85,Node.js,82.3
85,SQL,37.7
85,PowerBI,79.9
85,Kubernetes,72.3
85,TensorFlow,36.1
85,Figma,64.6
85,Django,71.6
85,Airflow,75.0
85,PyTorch,68.2
85,Communication,70.2
86,HTML/CSS,91.6
86,scikit-learn,55.2
86,DSA,73.3
86,Excel,31.3
86,Communication,98.5
86,Spark,75.8
86,Pandas,61.7
86,Statistics,75.4
86,REST APIs,39.6
86,PowerBI,86.3
87,Java,69.6
87,React,76.7
87,Statistics,64.8
88,FastAPI,49.7
88,Linux,100.0
88,Statistics,82.9
88,Django,82.5
89,TensorFlow,81.6
89,FastAPI,76.8
89,PowerBI,78.4
89,JavaScript,60.1
89,Node.js,48.3
89,Docker,49.4
90,DSA,71.5
90,Tableau,40.0
90,AWS,90.9
90,scikit-learn,62.4
90,Statistics,70.2
90,Python,100.0
91,NumPy,62.9
91,Tableau,100.0
91,Airflow,66.6
91,C++,97.1
91,SQL,71.4
91,Linux,82.3
92,C++,24.3
92,SQL,61.6
92,Go,62.1
92,Docker,100.0
92,AWS,38.8
92,Kubernetes,58.0
92,DSA,95.7
92,Airflow,73.1
92,TensorFlow,75.1
92,Statistics,67.1
93,Go,58.6
93,TensorFlow,45.1
93,Figma,70.8
93,AWS,44.3
93,Django,77.8
93,HTML/CSS,43.7
93,PowerBI,54.8
93,React,53.8
93,Spark,88.9
94,PowerBI,67.4
94,TensorFlow,66.2
94,Spring Boot,74.9
94,NumPy,81.1
95,A/B Testing,42.2
95,Docker,15.5
95,Go,60.8
95,PowerBI,61.6
95,SQL,57.4
96,FastAPI,44.0
96,Figma,100.0
96,AWS,47.7
96,Python,78.5
96,Kubernetes,34.6
96,Git,48.3
97,scikit-learn,36.8
97,FastAPI,52.0
97,React,54.5
97,C++,58.4
97,Linux,40.2
97,A/B Testing,53.7
97,JavaScript,51.9
97,Excel,78.9
97,Django,79.6
98,PyTorch,44.1
98,C++,67.9
98,Go,78.1
98,React,36.4
98,DSA,65.5
99,Python,74.9
99,PyTorch,52.3
99,Spring Boot,62.9
99,HTML/CSS,35.8
99,AWS,22.8
99,REST APIs,82.0
99,Django,47.3
99,FastAPI,56.8
99,Pandas,40.0
100,React,87.8
100,Django,39.4
100,JavaScript,59.4
100,Figma,89.4
100,Airflow,74.1
100,PowerBI,68.5
100,Git,61.1
100,REST APIs,58.1
100,scikit-learn,70.2
101,React,70.8
101,Kubernetes,51.3
101,NumPy,75.4
101,Communication,65.8
101,Python,78.7
102,Java,50.0
102,NumPy,67.6
102,Kubernetes,64.7
102,SQL,70.1
103,Airflow,62.9
103,Docker,86.1
103,Communication,61.8
103,Spark,52.5
103,Spring Boot,55.9
103,Figma,87.9
103,SQL,74.7
103,Node.js,58.1
103,A/B Testing,60.7
103,Excel,36.8
104,C++,70.1
104,Airflow,52.4
104,TensorFlow,63.4
104,React,36.2
104,Figma,67.4
104,Spring Boot,73.1
104,Communication,60.9
104,Django,35.9
104,Excel,82.8
105,REST APIs,69.5
105,Go,62.5
105,TensorFlow,80.7
105,Python,55.4
105,HTML/CSS,36.7
105,PowerBI,40.1
105,Pandas,55.4
105,Airflow,42.5
106,Python,69.3
106,PowerBI,99.3
106,Pandas,56.8
106,C++,69.7
106,A/B Testing,83.4
106,Spring Boot,62.0
106,Excel,54.5
107,JavaScript,75.9
107,React,40.9
107,Figma,83.9
107,scikit-learn,39.8
107,Node.js,53.1
108,JavaScript,81.5
108,Python,40.4
108,Java,61.6
108,Go,50.2
108,Kubernetes,67.0
108,SQL,58.0
108,DSA,91.6
108,Tableau,74.1
108,HTML/CSS,41.4
108,Django,77.1
109,FastAPI,95.8
109,C++,100.0
109,scikit-learn,46.4
109,Figma,66.3
109,AWS,43.8
109,Pandas,51.0
109,Node.js,53.7
109,Go,46.0
109,DSA,46.1
110,HTML/CSS,66.3
110,Airflow,41.7
110,PyTorch,95.7
110,Tableau,85.2
110,Pandas,70.3
110,Spark,40.8
111,Spark,85.0
111,JavaScript,36.3
111,Kubernetes,70.4
111,Django,83.3
111,PowerBI,35.1
111,Go,64.9
111,Java,69.9
112,Node.js,66.7
112,Git,30.4
112,Communication,73.6
112,JavaScript,65.0
112,React,65.7
112,Figma,82.3
112,Statistics,29.8
112,Docker,29.5
112,Python,69.9
113,Spring Boot,27.1
113,Figma,78.8
113,Git,87.0
113,REST APIs,76.6
113,Python,49.2
114,NumPy,44.9
114,A/B Testing,72.5
114,Figma,75.4
114,Tableau,66.6
114,Communication,69.0
115,Kubernetes,28.3
115,PyTorch,65.6
115,TensorFlow,44.9
115,React,58.1
115,Go,76.9
115,PowerBI,53.5
116,Statistics,45.5
116,Airflow,90.4
116,SQL,83.4
116,Python,70.2
116,Linux,67.8
116,DSA,61.2
116,REST APIs,77.2
116,Git,58.3
117,Spring Boot,32.1
117,React,78.1
117,Django,97.6
117,HTML/CSS,90.7
118,Spring Boot,69.8
118,Docker,45.9
118,JavaScript,68.6
118,TensorFlow,36.9
119,Django,45.6
119,NumPy,55.0
119,SQL,84.3
119,Go,75.9
119,Git,62.7
119,Statistics,76.1
119,PowerBI,44.1
119,Node.js,65.6
120,DSA,59.3
120,Pandas,38.6
120,HTML/CSS,45.3
120,Spring Boot,83.5
120,Airflow,30.4
120,Kubernetes,85.3
120,Node.js,64.0
120,React,43.5
120,Java,54.5
121,REST APIs,44.1
121,Figma,52.8
121,TensorFlow,50.6
121,Pandas,42.1
121,React,66.7
121,Linux,42.9
121,AWS,25.8
121,C++,58.2
122,TensorFlow,66.0
122,DSA,69.4
122,Spark,33.0
123,PowerBI,51.8
123,Statistics,73.7
123,NumPy,69.3
123,Pandas,63.4
123,Django,57.3
123,Spring Boot,79.3
123,Communication,60.8
123,Python,59.5
123,C++,66.9
124,scikit-learn,65.6
124,PowerBI,60.5
124,JavaScript,50.9
124,AWS,59.8
124,Python,68.6
124,Go,51.2
124,REST APIs,50.5
125,TensorFlow,66.6
125,Communication,72.1
125,Linux,70.5
126,Tableau,45.0
126,SQL,86.4
126,Django,76.3
126,Linux,42.2
126,Communication,97.0
126,REST APIs,76.9
126,Spark,64.8
126,TensorFlow,93.6
127,SQL,67.3
127,Tableau,63.7
127,Java,41.0
127,Kubernetes,38.5
127,Python,75.2
128,Pandas,47.1
128,DSA,70.3
128,Node.js,81.6
128,C++,76.9
128,Tableau,99.5
128,PyTorch,51.3
128,HTML/CSS,40.2
128,Airflow,47.1
128,scikit-learn,76.9
129,Git,66.0
129,Docker,75.5
129,Kubernetes,56.1
129,React,32.4
130,Tableau,74.6
130,Node.js,61.5
130,DSA,58.8
130,Spark,39.7
130,Git,29.4
130,Docker,60.3
130,PyTorch,66.0
130,JavaScript,41.8
131,PyTorch,83.4
131,TensorFlow,79.0
131,Java,63.3
131,Figma,56.6
131,Airflow,53.7
131,Communication,73.4
132,Spring Boot,34.1
132,JavaScript,52.2
132,A/B Testing,78.9
132,PowerBI,60.0
132,Linux,55.8
132,DSA,90.2
132,Go,46.1
132,Excel,50.6
132,React,68.8
133,PowerBI,68.9
133,scikit-learn,78.9
133,Figma,75.0
133,REST APIs,65.8
133,Tableau,50.4
133,DSA,66.2
134,Communication,70.8
134,Django,50.6
134,Kubernetes,58.7
134,Git,69.5
134,PyTorch,80.2
134,Docker,70.7
134,Tableau,87.7
135,PowerBI,81.9
135,TensorFlow,58.4
135,Airflow,67.3
135,JavaScript,63.9
135,REST APIs,78.2
136,Statistics,50.4
136,DSA,77.2
136,scikit-learn,51.6
137,Docker,75.9
137,C++,87.4
137,HTML/CSS,100.0
137,Communication,34.2
138,scikit-learn,100.0
138,Statistics,69.2
138,PyTorch,31.5
138,A/B Testing,47.0
138,NumPy,33.7
138,Node.js,65.3
138,Django,62.8
138,PowerBI,56.6
138,Git,100.0
138,Figma,74.9
139,Kubernetes,65.3
139,C++,61.1
139,scikit-learn,50.4
139,Tableau,55.3
139,Excel,61.8
140,scikit-learn,79.2
140,JavaScript,82.6
140,NumPy,88.3
140,Statistics,97.0
140,Kubernetes,49.4
140,Communication,65.3
141,REST APIs,75.4
141,Go,100.0
141,AWS,70.0
141,Java,73.7
141,FastAPI,45.6
141,HTML/CSS,41.8
141,A/B Testing,93.5
141,Git,48.4
141,Statistics,46.2
142,Spark,64.0
142,React,86.0
142,A/B Testing,46.3
142,Statistics,63.5
142,SQL,77.2
142,C++,22.1
142,REST APIs,83.6
142,Node.js,43.7
142,Django,71.0
142,NumPy,69.4
143,Figma,61.1
143,Spring Boot,31.8
143,Java,56.8
143,Kubernetes,72.5
143,Python,45.4
143,PowerBI,76.4
143,Airflow,81.4
144,Airflow,70.0
144,Docker,73.3
144,Git,71.5
144,JavaScript,77.6
144,Tableau,100.0
145,Figma,51.5
145,React,55.9
145,Kubernetes,59.5
145,Spring Boot,56.2
145,Java,49.0
145,scikit-learn,15.3
145,Django,57.2
146,Statistics,89.6
146,AWS,66.0
146,Docker,73.9
146,DSA,71.6
146,HTML/CSS,59.8
146,Python,72.3
147,Communication,74.3
147,Go,25.0
147,NumPy,91.5
147,TensorFlow,68.1
147,Tableau,83.0
148,SQL,61.6
148,JavaScript,28.0
148,Statistics,61.6
148,PyTorch,79.6
148,Python,47.5
148,HTML/CSS,61.8
148,TensorFlow,52.5
148,Docker,92.0
148,Node.js,78.5
149,Linux,93.3
149,Pandas,93.3
149,REST APIs,47.0
149,PowerBI,58.7
149,Tableau,73.6
149,Spark,100.0
149,C++,91.6
150,Java,62.9
150,Airflow,93.7
150,React,58.6
150,Communication,21.1
151,Django,79.2
151,Spark,37.4
151,scikit-learn,55.7
152,Tableau,49.0
152,Docker,44.1
152,HTML/CSS,57.0
152,PowerBI,61.7
152,SQL,53.4
152,Node.js,75.6
152,C++,57.0
152,FastAPI,82.6
153,JavaScript,48.8
153,HTML/CSS,93.4
153,Python,34.3
153,Docker,39.1
153,Spark,85.0
153,REST APIs,89.4
153,Kubernetes,51.6
153,Django,53.6
154,PowerBI,100.0
154,Excel,54.6
154,scikit-learn,64.7
154,Kubernetes,97.8
154,SQL,37.6
154,Django,83.5
155,Kubernetes,75.3
155,JavaScript,47.5
155,Statistics,78.3
155,Go,79.7
155,Django,100.0
155,FastAPI,58.2
155,C++,56.8
155,Linux,78.8
155,A/B Testing,79.7
156,Git,54.1
156,SQL,31.8
156,Statistics,30.5
156,A/B Testing,42.3
156,Django,41.4
157,NumPy,76.9
157,Figma,65.3
157,Airflow,56.7
157,Git,57.2
158,Django,63.2
158,Git,62.9
158,Docker,66.9
158,FastAPI,80.3
158,Pandas,89.8
158,DSA,65.0
158,REST APIs,79.7
158,Kubernetes,52.4
158,Go,78.8
158,Statistics,51.3
159,REST APIs,73.7
159,C++,86.9
159,Statistics,81.5
159,DSA,92.4
159,Java,71.5
159,PyTorch,81.3
159,TensorFlow,59.5
160,Django,54.4
160,AWS,65.2
160,Java,90.8
161,Linux,77.3
161,Statistics,63.7
161,JavaScript,58.3
161,FastAPI,84.5
161,NumPy,55.2
161,Spring Boot,85.7
161,React,74.8
162,Kubernetes,59.2
162,DSA,79.2
162,JavaScript,64.2
162,Go,56.2
162,Statistics,59.4
162,scikit-learn,100.0
162,A/B Testing,33.8
162,Spring Boot,74.0
162,FastAPI,34.8
163,PowerBI,95.3
163,Pandas,85.4
163,scikit-learn,48.1
163,HTML/CSS,68.6
163,PyTorch,72.9
163,React,32.4
163,NumPy,73.4
163,Java,100.0
163,Docker,76.5
163,Django,91.5
164,React,82.9
164,Kubernetes,66.5
164,NumPy,90.4
164,REST APIs,70.6
164,Airflow,76.2
164,Pandas,50.0
164,Communication,100.0
164,Statistics,73.5
164,Tableau,77.8
164,Excel,36.1
165,Node.js,68.7
165,Git,86.2
165,PowerBI,48.8
165,JavaScript,47.1
165,Excel,61.5
165,Figma,79.9
166,Communication,51.1
166,DSA,94.8
166,PowerBI,52.7
166,scikit-learn,52.7
166,Kubernetes,92.7
166,Git,68.8
166,Tableau,55.1
167,Spring Boot,64.0
167,TensorFlow,65.1
167,C++,85.5
167,Node.js,86.7
167,NumPy,59.1
168,FastAPI,62.2
168,Spring Boot,94.5
168,Kubernetes,55.8
168,Django,70.2
168,PowerBI,100.0
168,Python,46.0
169,Python,69.8
169,Communication,47.9
169,NumPy,61.8
169,Spark,73.1
170,Airflow,60.1
170,NumPy,64.6
170,PowerBI,53.2
170,Node.js,77.4
170,Spring Boot,90.8
171,scikit-learn,73.2
171,SQL,87.2
171,Node.js,61.0
171,Spring Boot,82.9
171,Kubernetes,52.6
172,Docker,42.0
172,Figma,46.4
172,Spring Boot,63.9
172,SQL,58.4
173,A/B Testing,61.8
173,Git,72.2
173,AWS,13.5
173,Spring Boot,70.4
173,FastAPI,63.0
173,Django,64.1
173,Docker,77.7
173,PowerBI,63.7
173,Tableau,44.5
174,AWS,54.5
174,JavaScript,58.3
174,DSA,48.7
174,Linux,61.9
174,Communication,98.1
174,NumPy,42.2
174,A/B Testing,43.9
174,Java,41.6
175,Docker,33.0
175,Go,83.4
175,Django,85.9
175,Kubernetes,83.8
175,HTML/CSS,56.5
175,Spring Boot,62.0
175,PyTorch,78.5
175,Tableau,72.0
175,Excel,57.9
176,A/B Testing,35.9
176,Kubernetes,55.4
176,Django,81.0
176,HTML/CSS,55.2
176,Tableau,52.5
176,JavaScript,32.2
176,NumPy,96.5
177,Go,75.0
177,Excel,56.7
177,Node.js,73.4
177,Spring Boot,46.8
177,C++,92.1
177,DSA,53.1
178,Spring Boot,63.0
178,Docker,50.9
178,Go,55.7
178,PowerBI,84.8
178,Django,77.2
178,SQL,75.1
178,Java,60.4
179,JavaScript,67.0
179,PowerBI,96.1
179,A/B Testing,30.5
179,Airflow,70.0
179,Linux,40.2
180,PowerBI,38.7
180,Git,79.0
180,React,78.6
180,TensorFlow,80.2
181,A/B Testing,98.2
181,JavaScript,99.6
181,AWS,35.0
181,PowerBI,100.0
182,REST APIs,75.0
182,Spark,69.2
182,FastAPI,86.5
183,scikit-learn,53.8
183,Statistics,79.2
183,SQL,82.6
183,Tableau,62.2
183,Communication,90.8
183,Git,89.6
184,REST APIs,58.9
184,Figma,49.0
184,HTML/CSS,38.6
185,PowerBI,52.8
185,PyTorch,45.7
185,Airflow,30.9
185,Figma,67.1
185,REST APIs,24.6
185,Docker,41.2
185,Django,55.3
185,Pandas,50.0
186,JavaScript,74.2
186,PyTorch,67.5
186,Linux,57.9
186,Kubernetes,59.0
186,Python,50.3
187,Communication,43.2
187,NumPy,82.6
187,C++,66.4
187,PyTorch,49.5
188,scikit-learn,85.6
188,Node.js,65.4
188,Git,43.4
188,React,74.8
188,Communication,56.3
189,Spring Boot,69.0
189,scikit-learn,42.1
189,Figma,53.4
189,JavaScript,52.8
189,Django,81.2
189,Go,79.4
189,React,70.0
189,Kubernetes,40.7
190,Linux,51.5
190,C++,94.6
190,REST APIs,87.8
190,Go,65.4
190,FastAPI,59.7
190,Django,62.6
190,Spark,69.1
190,Java,93.8
191,Java,19.7
191,NumPy,26.7
191,Go,46.7
191,FastAPI,74.6
191,Statistics,67.0
192,Docker,36.2
192,FastAPI,90.4
192,Python,52.7
192,REST APIs,100.0
192,PowerBI,64.4
193,Excel,50.9
193,Spark,62.7
193,Communication,54.0
193,NumPy,100.0
194,Statistics,94.3
194,Python,63.9
194,Git,100.0
194,FastAPI,56.3
194,Docker,51.2
194,C++,43.2
194,AWS,100.0
194,Linux,79.8
194,Django,59.0
194,Kubernetes,87.5
195,FastAPI,57.4
195,Python,67.1
195,Linux,82.8
195,Java,54.8
195,DSA,53.6
195,Figma,84.0
195,Go,71.8
195,Communication,28.2
195,TensorFlow,42.9
196,Java,49.9
196,FastAPI,69.9
196,PyTorch,63.2
196,PowerBI,75.3
196,scikit-learn,42.9
196,NumPy,71.4
197,scikit-learn,87.7
197,DSA,62.9
197,C++,49.0
197,PyTorch,56.1
198,Statistics,48.2
198,REST APIs,48.7
198,Spark,63.6
198,TensorFlow,56.9
198,React,44.5
199,Docker,59.8
199,Java,65.1
199,scikit-learn,69.6
199,Django,72.8
199,Spring Boot,100.0
199,SQL,49.8
200,PyTorch,45.0
200,SQL,69.1
200,Excel,55.6
200,Airflow,56.5
200,Linux,78.3
200,Node.js,44.1
200,React,48.7
200,FastAPI,67.8
200,Python,82.4
201,Figma,75.6
201,Pandas,46.7
201,Node.js,55.6
201,SQL,79.1
201,Spark,83.9
201,Java,63.7
201,Kubernetes,65.8
202,C++,50.2
202,SQL,42.5
202,FastAPI,71.0
202,Python,68.3
202,A/B Testing,77.4
202,React,74.8
202,Communication,69.4
202,Spring Boot,75.0
202,Java,64.2
202,PowerBI,72.4
203,Pandas,61.6
203,SQL,100.0
203,NumPy,60.9
203,Java,69.6
203,Excel,57.8
203,Spring Boot,71.7
203,Go,80.0
203,Python,62.9
203,PowerBI,97.0
203,JavaScript,69.3
204,Figma,74.8
204,Communication,75.0
204,TensorFlow,77.2
204,AWS,53.4
204,Excel,71.1
204,NumPy,49.2
204,REST APIs,53.8
204,DSA,48.5
204,Node.js,43.6
205,PyTorch,71.8
205,Docker,47.2
205,NumPy,38.0
205,Go,52.2
205,Git,75.2
205,Spark,77.4
205,React,40.4
206,Docker,41.6
206,PyTorch,61.3
206,Python,83.4
206,PowerBI,57.5
206,SQL,54.7
206,Spring Boot,85.9
206,NumPy,59.5
206,Pandas,84.9
207,SQL,55.1
207,DSA,65.7
207,AWS,63.9
208,TensorFlow,90.7
208,JavaScript,66.5
208,PowerBI,35.1
208,Spring Boot,31.8
208,Tableau,69.6
208,FastAPI,54.3
209,A/B Testing,92.2
209,Java,45.6
209,Excel,80.7
209,Go,56.3
209,Linux,74.8
210,Node.js,71.1
210,Go,49.8
210,DSA,40.7
210,JavaScript,80.7
210,SQL,68.3
210,Spark,85.7
210,Tableau,64.2
211,scikit-learn,49.2
211,Go,58.9
211,Python,66.9
211,AWS,45.3
212,Spring Boot,59.1
212,Django,61.8
212,JavaScript,58.2
212,Node.js,30.5
212,DSA,44.6
212,TensorFlow,82.3
212,React,27.0
213,AWS,83.2
213,Git,40.5
213,Airflow,84.3
213,Node.js,57.7
213,C++,46.5
214,Statistics,74.9
214,Linux,100.0
214,Airflow,81.9
214,Docker,82.6
214,SQL,100.0
214,Python,74.3
214,Excel,73.7
214,PyTorch,77.7
215,scikit-learn,85.4
215,DSA,78.9
215,HTML/CSS,36.1
215,AWS,59.4
215,Statistics,68.0
215,Linux,79.0
215,React,81.4
215,PowerBI,70.1
216,Django,45.6
216,Spring Boot,35.7
216,Spark,58.7
216,Airflow,78.8
216,TensorFlow,95.4
216,Tableau,79.1
216,FastAPI,38.6
216,JavaScript,60.8
216,NumPy,69.6
216,Docker,68.2
217,Spark,87.7
217,Spring Boot,55.6
217,Tableau,46.6
217,DSA,68.0
217,Django,64.0
217,HTML/CSS,24.3
217,Airflow,68.9
218,JavaScript,67.2
218,A/B Testing,60.4
218,Excel,37.3
218,Spark,38.4
219,Linux,98.8
219,React,53.0
219,A/B Testing,63.7
219,Python,72.7
219,FastAPI,64.6
219,Airflow,56.0
219,PyTorch,37.1
220,Kubernetes,48.7
220,Spring Boot,60.3
220,A/B Testing,31.6
220,AWS,56.1
220,Linux,72.2
221,REST APIs,73.9
221,DSA,64.3
221,Java,25.5
221,PyTorch,28.6
221,Linux,67.3
221,FastAPI,58.6
221,Statistics,45.1
222,Excel,71.9
222,Communication,74.5
222,Go,98.8
222,Statistics,79.3
222,HTML/CSS,36.1
222,TensorFlow,90.3
222,Django,58.9
222,Python,66.9
222,Git,42.0
223,HTML/CSS,65.8
223,Spring Boot,66.2
223,Git,58.3
223,Kubernetes,84.9
224,Docker,77.7
224,Figma,99.9
224,A/B Testing,78.0
224,SQL,91.3
225,Git,73.8
225,Go,100.0
225,Spark,89.5
225,Pandas,30.9
225,scikit-learn,90.6
225,PyTorch,81.9
225,DSA,37.2
226,SQL,56.0
226,Go,81.0
226,AWS,82.5
226,DSA,88.6
226,A/B Testing,80.7
226,Airflow,84.5
226,Kubernetes,78.2
227,A/B Testing,90.9
227,PyTorch,64.2
227,Statistics,83.1
227,React,84.4
227,NumPy,60.8
228,Linux,74.2
228,AWS,39.9
228,Communication,53.7
228,JavaScript,84.4
228,REST APIs,71.4
228,TensorFlow,59.5
228,PowerBI,73.0
228,HTML/CSS,63.9
228,Spark,65.2
229,Kubernetes,93.2
229,Python,71.9
229,React,41.2
229,Spring Boot,37.3
230,Linux,71.3
230,PyTorch,62.2
230,Figma,72.3
230,Tableau,60.2
230,Excel,53.3
230,Airflow,93.9
230,Communication,83.9
230,Git,51.3
230,DSA,75.2
230,React,51.6
231,Java,61.2
231,Pandas,72.4
231,scikit-learn,75.5
232,scikit-learn,95.2
232,Excel,77.9
232,Spring Boot,43.6
232,Django,73.8
233,Spark,54.0
233,Kubernetes,30.8
233,Java,71.1
233,Node.js,68.3
234,PowerBI,50.6
234,PyTorch,55.2
234,Figma,64.1
234,Statistics,89.3
234,Excel,97.4
234,JavaScript,73.1
234,TensorFlow,58.2
234,Pandas,100.0
235,Java,40.0
235,Docker,91.2
235,C++,66.3
235,Pandas,79.5
236,Tableau,67.4
236,PyTorch,31.7
236,Communication,80.5
236,Docker,86.4
236,C++,52.4
236,Go,71.3
236,Pandas,60.2
237,FastAPI,78.1
237,Go,86.4
237,Django,53.2
237,Linux,62.7
237,DSA,61.9
237,Communication,41.8
237,Spring Boot,60.3
237,Node.js,89.1
238,Kubernetes,65.9
238,Pandas,90.7
238,Docker,69.6
238,Go,80.4
238,Spark,77.9
238,A/B Testing,76.2
238,Java,71.3
238,FastAPI,60.8
238,DSA,99.5
239,Airflow,33.8
239,Spring Boot,67.5
239,Java,73.8
239,Go,74.5
239,C++,75.2
239,Git,30.2
239,scikit-learn,40.5
239,Pandas,100.0
240,Spark,67.5
240,Kubernetes,56.9
240,HTML/CSS,46.1
240,PowerBI,69.8
241,FastAPI,62.0
241,Linux,45.9
241,HTML/CSS,42.9
241,PowerBI,64.1
241,Git,49.0
241,Tableau,51.7
241,scikit-learn,50.9
241,Java,74.4
241,JavaScript,60.8
242,JavaScript,62.4
242,C++,66.5
242,Git,50.9
242,Django,49.5
243,SQL,81.8
243,AWS,81.4
243,React,63.2
243,C++,90.0
244,DSA,77.6
244,PyTorch,100.0
244,PowerBI,58.3
245,AWS,100.0
245,Django,58.4
245,scikit-learn,35.0
245,PyTorch,81.2
245,Kubernetes,51.9
245,Excel,88.4
245,Docker,59.9
245,Python,53.6
246,Java,42.1
246,FastAPI,72.1
246,Docker,32.8
246,Linux,57.0
246,Django,78.7
247,FastAPI,78.5
247,HTML/CSS,57.1
247,Tableau,40.8
247,scikit-learn,72.6
247,Excel,74.8
248,REST APIs,31.7
248,scikit-learn,48.0
248,Python,89.3
248,Kubernetes,97.8
248,PyTorch,43.1
249,Airflow,38.4
249,React,61.9
249,Spark,35.1
249,Tableau,46.0
249,Python,80.1
249,A/B Testing,64.1
250,AWS,50.0
250,Docker,67.9
250,Go,63.2
250,Git,72.3
251,Git,51.8
251,NumPy,63.9
251,C++,68.3
251,Go,93.1
252,Git,69.2
252,C++,44.7
252,HTML/CSS,47.6
252,Excel,100.0
252,PowerBI,61.8
252,Node.js,51.1
252,scikit-learn,90.8
253,Airflow,66.5
253,Git,23.0
253,Java,63.3
253,Spark,100.0
253,Statistics,80.6
253,JavaScript,50.4
253,Django,75.6
254,Pandas,65.2
254,A/B Testing,57.7
254,HTML/CSS,72.1
254,Node.js,43.1
255,Statistics,43.2
255,SQL,42.0
255,JavaScript,72.2
255,Node.js,44.8
255,DSA,70.8
255,C++,41.6
255,A/B Testing,70.3
255,Linux,56.2
255,Kubernetes,90.3
255,Java,70.8
256,C++,51.9
256,FastAPI,43.1
256,React,39.6
256,Kubernetes,22.9
257,AWS,53.5
257,React,70.8
257,Java,76.6
258,JavaScript,46.3
258,NumPy,38.1
258,Python,89.3
258,Airflow,100.0
258,Django,56.4
259,Tableau,72.1
259,Node.js,70.8
259,React,59.3
259,Spring Boot,45.2
260,Java,71.3
260,Airflow,84.8
260,TensorFlow,72.1
260,A/B Testing,68.8
260,C++,86.6
260,Spring Boot,73.5
260,PowerBI,66.2
261,JavaScript,64.1
261,Java,88.5
261,Pandas,29.5
261,Linux,64.0
261,Kubernetes,64.3
262,PowerBI,89.1
262,TensorFlow,74.3
262,Spark,56.8
262,NumPy,60.7
262,Git,50.5
262,Excel,47.1
262,Spring Boot,46.2
262,Pandas,53.9
262,Java,46.4
262,PyTorch,36.9
263,Spring Boot,58.6
263,Linux,40.4
263,Airflow,50.5
263,PowerBI,53.8
263,REST APIs,44.8
263,Tableau,72.9
263,Go,86.5
263,Statistics,48.7
263,Node.js,70.1
264,REST APIs,100.0
264,JavaScript,90.7
264,Spring Boot,59.5
264,Linux,59.3
264,AWS,73.5
264,Python,49.9
264,Docker,86.0
264,SQL,71.5
264,Communication,69.6
264,Node.js,77.4
265,Linux,37.2
265,DSA,49.0
265,PowerBI,47.6
265,AWS,53.4
265,Statistics,76.4
265,scikit-learn,62.0
265,PyTorch,68.5
265,REST APIs,43.0
266,HTML/CSS,64.7
266,AWS,52.5
266,Spark,61.9
266,Git,66.7
267,Airflow,62.0
267,Java,54.8
267,Linux,61.8
268,Python,58.0
268,Go,80.6
268,NumPy,77.8
268,Excel,75.6
268,SQL,63.2
268,JavaScript,69.4
269,NumPy,50.2
269,C++,63.7
269,Pandas,63.3
270,A/B Testing,50.2
270,Git,18.0
270,PowerBI,56.3
270,Figma,57.9
271,Airflow,57.1
271,Pandas,78.6
271,Statistics,100.0
271,FastAPI,66.1
271,Docker,51.2
271,C++,43.7
271,Figma,74.9
272,Linux,79.0
272,Go,21.5
272,Kubernetes,88.0
272,scikit-learn,91.4
272,JavaScript,65.5
272,A/B Testing,75.1
272,Figma,75.1
272,Docker,53.4
273,Java,51.8
273,AWS,53.4
273,NumPy,78.2
273,Excel,47.0
274,Django,63.7
274,Python,46.0
274,NumPy,54.0
274,React,89.9
274,PyTorch,68.6
274,DSA,46.8
274,Spark,70.5
274,AWS,62.4
275,C++,91.2
275,Docker,71.8
275,React,49.9
275,Figma,52.7
275,Git,54.9
275,Spark,71.5
275,HTML/CSS,89.1
275,DSA,83.9
275,Statistics,73.2
276,Linux,63.3
276,Spring Boot,74.1
276,A/B Testing,84.1
276,DSA,75.9
276,scikit-learn,66.3
276,Git,51.6
277,Excel,71.9
277,Tableau,72.2
277,Airflow,58.4
277,FastAPI,51.9
277,SQL,100.0
277,Linux,83.1
277,C++,79.8
277,PyTorch,75.4
277,Communication,46.9
278,Pandas,100.0
278,Excel,90.0
278,REST APIs,60.4
278,Node.js,65.2
278,DSA,81.0
278,Airflow,85.2
278,Tableau,58.8
279,C++,58.0
279,Go,94.2
279,Linux,74.8
279,Python,100.0
279,scikit-learn,43.5
279,Pandas,52.6
279,Spring Boot,72.5
279,NumPy,72.2
280,HTML/CSS,69.1
280,TensorFlow,63.6
280,A/B Testing,76.5
280,Spark,65.6
280,FastAPI,49.7
280,Node.js,46.1
280,Java,51.5
280,DSA,69.0
281,React,85.1
281,Communication,92.2
281,TensorFlow,58.3
281,AWS,70.3
281,A/B Testing,85.1
281,SQL,56.6
281,DSA,80.6
281,Django,52.9
281,REST APIs,56.4
281,Airflow,50.6
282,Docker,72.1
282,Figma,58.0
282,Node.js,78.8
282,Excel,60.7
282,Java,58.2
283,Communication,95.5
283,Spark,52.1
283,JavaScript,52.8
283,Kubernetes,62.7
284,REST APIs,95.2
284,TensorFlow,61.6
284,AWS,57.0
284,Tableau,84.7
284,SQL,52.0
284,Docker,54.3
284,Node.js,65.2
285,Kubernetes,76.0
285,Django,55.2
285,FastAPI,47.9
285,PyTorch,100.0
285,Excel,52.1
285,C++,66.8
285,SQL,38.1
285,React,67.1
285,Pandas,48.2
285,scikit-learn,57.0
286,Excel,83.4
286,DSA,75.4
286,HTML/CSS,49.6
286,Spring Boot,67.7
286,JavaScript,56.5
287,PyTorch,61.4
287,AWS,44.3
287,REST APIs,66.6
287,Spring Boot,38.6
287,FastAPI,46.5
287,PowerBI,51.5
287,Excel,80.2
287,Java,58.5
287,Tableau,56.9
287,Docker,100.0
288,Git,73.1
288,Node.js,61.8
288,Excel,62.5
288,C++,78.3
289,TensorFlow,56.5
289,Airflow,41.2
289,NumPy,100.0
289,Docker,70.6
289,Django,73.5
289,Spark,52.5
290,Docker,88.1
290,Airflow,45.6
290,Statistics,48.4
290,Spark,44.1
290,Pandas,69.5
291,Linux,56.6
291,Spring Boot,52.7
291,FastAPI,92.8
292,HTML/CSS,49.4
292,JavaScript,87.2
292,REST APIs,70.6
292,Spark,71.6
292,Communication,89.4
292,AWS,85.8
292,C++,78.8
292,FastAPI,39.4
292,Docker,52.5
293,Django,64.0
293,TensorFlow,35.2
293,Spring Boot,74.5
293,Figma,71.8
294,Figma,26.2
294,Go,64.3
294,Python,46.6
294,Node.js,66.8
294,PowerBI,45.6
295,Linux,53.8
295,NumPy,60.2
295,Airflow,54.6
295,REST APIs,68.8
295,PowerBI,71.9
295,PyTorch,64.0
295,Spring Boot,84.6
295,React,53.9
296,C++,81.0
296,React,52.8
296,Spring Boot,74.2
296,HTML/CSS,69.6
296,Java,55.7
296,AWS,78.6
296,Excel,72.0
297,REST APIs,48.7
297,SQL,51.8
297,Communication,47.5
297,Statistics,70.8
297,Spring Boot,40.3
297,TensorFlow,56.4
297,Spark,26.3
297,NumPy,69.3
297,Node.js,56.0
298,Pandas,46.9
298,JavaScript,48.5
298,Go,75.9
298,Linux,60.3
298,DSA,62.0
299,Pandas,79.1
299,AWS,46.0
299,Git,70.7
299,scikit-learn,62.5
299,HTML/CSS,66.3
299,Communication,83.7
299,Django,43.6
300,Spark,38.0
300,SQL,64.9
300,Java,71.6
300,Airflow,48.5
300,TensorFlow,70.4
301,Git,50.3
301,Pandas,82.9
301,DSA,52.8
301,Spark,52.6
301,FastAPI,71.5
301,scikit-learn,97.1
301,React,94.2
301,Tableau,71.5
301,Node.js,73.3
301,Spring Boot,79.2
302,C++,74.0
302,AWS,67.1
302,Django,9.7
302,Node.js,68.2
302,scikit-learn,76.6
303,Figma,48.8
303,TensorFlow,21.1
303,Statistics,56.4
303,Go,78.7
303,PyTorch,58.6
303,HTML/CSS,79.4
303,SQL,67.7
303,Spring Boot,88.2
303,C++,59.7
304,A/B Testing,71.5
304,Linux,78.6
304,React,80.6
304,Excel,58.5
304,Airflow,70.9
304,PyTorch,86.2
304,HTML/CSS,99.0
304,scikit-learn,78.4
304,Django,65.8
305,Node.js,44.5
305,Spring Boot,57.2
305,Kubernetes,66.8
305,scikit-learn,100.0
306,Excel,45.1
306,TensorFlow,64.2
306,JavaScript,66.2
306,Spark,80.2
306,Django,98.1
306,NumPy,72.0
307,Pandas,43.8
307,FastAPI,70.6
307,Kubernetes,43.4
307,SQL,8.4
307,AWS,46.2
308,Git,51.2
308,TensorFlow,68.1
308,Statistics,60.7
308,Airflow,48.0
308,Excel,82.9
308,A/B Testing,72.7
308,SQL,56.9
309,Linux,75.2
309,Communication,52.5
309,Python,100.0
309,PowerBI,80.9
309,Java,88.5
309,Statistics,79.3
310,Docker,48.1
310,JavaScript,45.3
310,Spark,94.1
310,PyTorch,66.8
310,Statistics,53.8
310,Django,53.8
310,FastAPI,53.3
310,AWS,52.2
310,Git,41.9
311,REST APIs,63.3
311,Statistics,84.4
311,Node.js,65.1
311,DSA,79.3
311,PowerBI,56.2
311,Git,32.4
311,A/B Testing,69.8
311,Kubernetes,78.1
312,PowerBI,94.5
312,A/B Testing,80.6
312,Node.js,58.6
312,NumPy,70.2
312,Spring Boot,67.8
312,TensorFlow,15.6
312,Linux,48.7
312,Spark,64.1
313,scikit-learn,59.7
313,PyTorch,100.0
313,PowerBI,24.7
313,Python,58.0
313,FastAPI,64.9
313,Communication,50.9
314,JavaScript,33.5
314,Docker,80.6
314,Kubernetes,69.5
314,Airflow,74.1
314,Python,39.3
314,HTML/CSS,97.1
314,scikit-learn,54.0
314,Communication,68.0
314,A/B Testing,80.4
314,Linux,47.2
315,React,93.8
315,PyTorch,68.6
315,HTML/CSS,17.3
315,Spring Boot,58.9
315,REST APIs,76.8
315,Airflow,60.7
315,FastAPI,77.9
315,Kubernetes,49.7
316,REST APIs,70.6
316,Spark,66.2
316,Airflow,37.0
316,Go,41.3
317,Spark,56.9
317,JavaScript,57.3
317,AWS,65.5
317,Git,74.8
317,Go,64.7
317,Node.js,82.5
317,Excel,56.7
317,Pandas,41.1
317,SQL,100.0
317,PowerBI,54.1
318,Linux,22.6
318,Django,98.9
318,Figma,62.3
318,scikit-learn,75.5
318,REST APIs,40.2
319,FastAPI,53.3
319,Communication,56.9
319,Figma,60.6
320,Figma,86.6
320,Pandas,72.3
320,NumPy,68.4
320,Communication,46.9
320,Spark,37.4
320,Git,44.5
320,Django,64.2
320,DSA,80.6
321,Communication,33.3
321,REST APIs,60.8
321,Django,86.8
321,Spark,38.6
321,Git,53.4
322,scikit-learn,43.6
322,Kubernetes,68.2
322,REST APIs,40.7
322,Pandas,43.4
322,PyTorch,46.3
322,TensorFlow,57.0
322,Node.js,81.9
322,Go,75.4
322,React,74.4
322,NumPy,45.2
323,Spark,75.1
323,Kubernetes,38.6
323,React,45.2
323,Django,50.0
323,SQL,49.6
323,Linux,63.4
323,FastAPI,76.1
323,Tableau,87.6
324,TensorFlow,79.1
324,Kubernetes,47.7
324,AWS,55.8
324,Django,63.3
324,Airflow,51.0
324,HTML/CSS,74.0
325,Node.js,79.9
325,TensorFlow,68.4
325,Spring Boot,41.3
325,Pandas,39.5
325,Spark,85.2
325,Figma,86.5
325,REST APIs,70.8
326,Git,71.7
326,TensorFlow,55.6
326,PyTorch,60.2
326,PowerBI,51.4
326,Kubernetes,62.1
326,Linux,99.0
326,Docker,89.9
326,JavaScript,71.4
326,Airflow,64.5
326,C++,80.2
327,REST APIs,26.7
327,Airflow,76.0
327,Figma,48.7
327,Django,53.1
327,Docker,76.3
328,Java,45.0
328,Tableau,59.0
328,Git,71.1
329,Airflow,68.5
329,JavaScript,34.2
329,PyTorch,99.2
329,Excel,39.1
329,Go,72.6
329,Communication,72.0
329,A/B Testing,70.0
329,Python,56.1
329,Kubernetes,79.9
330,Spark,48.9
330,Java,60.4
330,PyTorch,59.6
330,A/B Testing,52.5
330,JavaScript,72.7
330,Node.js,69.2
330,Python,36.4
331,Node.js,39.6
331,Communication,95.1
331,Docker,71.3
331,PyTorch,57.5
332,REST APIs,57.8
332,FastAPI,46.2
332,C++,57.3
332,SQL,17.8
333,Airflow,35.3
333,Figma,44.8
333,Tableau,65.1
333,Kubernetes,50.2
333,FastAPI,71.8
333,Pandas,32.5
333,JavaScript,26.7
333,DSA,89.7
333,SQL,81.3
333,Java,46.1
334,Pandas,66.3
334,Communication,65.6
334,SQL,46.1
334,Node.js,79.4
334,Django,47.4
334,NumPy,61.1
334,HTML/CSS,59.7
334,Spark,71.4
335,JavaScript,65.7
335,Figma,72.5
335,FastAPI,66.3
335,C++,80.3
335,Communication,52.7
335,Node.js,47.3
335,DSA,53.5
336,Node.js,51.8
336,A/B Testing,39.1
336,TensorFlow,100.0
337,A/B Testing,83.8
337,PyTorch,62.6
337,React,65.7
337,Excel,50.3
337,Java,81.0
337,SQL,58.2
337,TensorFlow,60.3
337,Pandas,76.0
337,Tableau,61.6
337,Git,60.8
338,scikit-learn,59.1
338,A/B Testing,63.5
338,Git,55.8
338,PowerBI,91.7
338,Java,73.6
338,TensorFlow,89.7
338,FastAPI,69.7
338,React,66.5
339,Linux,13.3
339,Kubernetes,56.3
339,AWS,84.4
339,PowerBI,34.7
339,Spark,67.0
339,Git,93.5
339,TensorFlow,51.3
339,Tableau,65.0
339,Go,41.5
340,Statistics,38.4
340,HTML/CSS,94.1
340,Spark,68.2
340,Kubernetes,48.7
340,C++,52.4
340,FastAPI,31.0
340,Node.js,45.2
340,REST APIs,83.3
340,Spring Boot,100.0
341,Statistics,53.0
341,Communication,63.6
341,Docker,63.9
341,scikit-learn,100.0
341,NumPy,45.6
341,FastAPI,69.1
341,Linux,76.1
341,TensorFlow,65.0
342,Java,54.2
342,Statistics,61.0
342,TensorFlow,69.5
342,SQL,56.4
342,JavaScript,48.2
342,Tableau,43.6
342,Docker,35.3
342,Figma,60.8
343,Airflow,50.9
343,Go,86.5
343,TensorFlow,80.9
343,Excel,75.8
343,Figma,81.7
343,React,29.4
343,scikit-learn,89.4
343,HTML/CSS,72.1
344,PowerBI,80.6
344,C++,36.4
344,Spring Boot,55.3
344,Kubernetes,100.0
345,Statistics,67.5
345,Spring Boot,100.0
345,Airflow,84.0
345,Python,70.8
345,JavaScript,49.2
345,AWS,63.3
345,Go,90.7
345,Java,95.8
345,DSA,91.6
346,Pandas,74.4
346,Communication,81.3
346,Airflow,73.9
346,HTML/CSS,74.6
347,Tableau,75.6
347,Django,53.1
347,Go,31.8
347,JavaScript,67.2
347,Figma,56.5
347,Airflow,57.1
347,Python,100.0
348,Spark,51.2
348,A/B Testing,81.7
348,Docker,96.9
348,C++,73.6
348,Pandas,48.8
349,Excel,76.2
349,A/B Testing,72.2
349,Figma,51.2
349,Kubernetes,50.4
350,Excel,64.5
350,Tableau,84.3
350,PyTorch,78.7
350,Figma,88.9
350,scikit-learn,30.2
350,HTML/CSS,69.6
350,FastAPI,77.5
350,Go,37.5
350,Python,53.2
350,Linux,49.9
351,A/B Testing,75.1
351,Spring Boot,72.0
351,Docker,72.2
352,Django,70.7
352,C++,85.4
352,JavaScript,68.4
352,FastAPI,68.6
353,REST APIs,70.3
353,Linux,82.8
353,Communication,50.1
353,TensorFlow,64.9
353,SQL,80.6
353,Figma,30.2
353,Git,64.0
354,C++,78.5
354,Excel,70.5
354,FastAPI,63.8
354,JavaScript,53.8
354,Git,66.4
354,PyTorch,81.2
354,DSA,64.8
354,Docker,59.3
354,Kubernetes,60.5
354,A/B Testing,82.9
355,TensorFlow,60.2
355,AWS,93.9
355,Excel,39.4
355,Java,35.9
355,Go,50.1
355,Docker,70.2
355,Git,76.2
356,JavaScript,78.2
356,Linux,41.2
356,Airflow,65.1
356,HTML/CSS,69.3
356,Statistics,85.8
357,Python,81.7
357,Java,89.5
357,Git,35.4
357,Statistics,76.0
357,Django,82.3
358,PyTorch,53.7
358,NumPy,52.7
358,FastAPI,66.8
358,TensorFlow,83.1
358,Node.js,100.0
359,HTML/CSS,52.9
359,A/B Testing,54.4
359,Statistics,63.6
360,Docker,85.9
360,Excel,52.3
360,Django,36.2
360,Statistics,64.4
361,Communication,76.2
361,AWS,81.2
361,Go,75.0
361,Spark,62.1
361,Figma,45.9
361,Docker,62.5
361,Django,47.4
361,scikit-learn,73.8
362,scikit-learn,45.9
362,Spark,49.1
362,Statistics,76.4
362,AWS,81.0
362,Excel,47.3
362,Java,77.1
362,DSA,55.4
363,Figma,61.3
363,JavaScript,55.2
363,A/B Testing,79.1
363,Java,71.3
363,DSA,54.2
363,Excel,75.6
363,HTML/CSS,78.0
363,REST APIs,51.2
364,Kubernetes,68.1
364,PowerBI,72.7
364,scikit-learn,72.2
364,JavaScript,65.2
364,Django,37.3
364,HTML/CSS,53.8
365,JavaScript,50.5
365,Tableau,80.3
365,Airflow,62.1
365,Spring Boot,39.6
365,FastAPI,73.2
365,Linux,68.9
366,SQL,25.2
366,Node.js,75.2
366,A/B Testing,43.2
366,scikit-learn,67.4
366,Django,71.7
366,Statistics,75.8
366,FastAPI,43.3
367,Statistics,68.0
367,Go,69.4
367,Node.js,73.9
367,AWS,54.6
367,REST APIs,40.8
367,Linux,94.2
367,Django,100.0
367,Spring Boot,73.1
367,TensorFlow,41.2
368,Airflow,68.5
368,JavaScript,80.6
368,SQL,58.8
369,Kubernetes,46.0
369,Linux,55.1
369,C++,67.8
369,Figma,54.8
369,DSA,79.1
369,AWS,61.6
369,Docker,47.1
369,A/B Testing,66.2
369,PyTorch,68.1
370,Figma,59.0
370,scikit-learn,95.4
370,React,89.2
370,PyTorch,76.4
370,FastAPI,71.8
371,REST APIs,52.7
371,PyTorch,91.1
371,Python,78.9
371,A/B Testing,58.0
371,HTML/CSS,63.1
371,Linux,63.2
372,React,33.0
372,Tableau,77.1
372,Pandas,99.5
372,NumPy,29.1
372,C++,92.3
372,Docker,15.1
372,Python,81.9
372,AWS,64.8
372,scikit-learn,22.7
373,Communication,29.2
373,C++,37.7
373,Django,49.8
373,SQL,36.3
373,PyTorch,65.8
373,Excel,72.1
373,Git,39.3
374,Node.js,71.8
374,TensorFlow,69.4
374,Django,60.2
374,JavaScript,70.2
374,React,83.0
374,DSA,63.3
375,PowerBI,55.9
375,Spark,35.4
375,Django,71.9
375,Spring Boot,69.2
375,C++,80.3
375,Linux,55.4
375,PyTorch,99.1
376,Go,97.6
376,Node.js,58.7
376,scikit-learn,60.2
376,JavaScript,90.9
376,HTML/CSS,76.9
376,AWS,100.0
377,Linux,83.2
377,Spark,72.8
377,DSA,68.0
377,Statistics,50.7
377,Docker,80.6
377,Figma,8.6
377,Java,71.9
377,Pandas,100.0
378,HTML/CSS,68.5
378,Excel,34.2
378,Spark,55.2
378,C++,85.7
378,Pandas,41.0
378,A/B Testing,26.2
378,Figma,65.6
378,SQL,89.7
378,REST APIs,65.8
379,Node.js,85.4
379,Tableau,75.5
379,React,76.8
379,JavaScript,74.4
379,Java,80.6
380,PyTorch,70.8
380,React,5.0
380,NumPy,100.0
380,Spark,75.2
380,TensorFlow,54.3
380,Java,99.7
380,Tableau,58.7
380,Go,67.4
380,Communication,56.2
380,SQL,94.7
381,JavaScript,60.0
381,DSA,37.3
381,Communication,43.7
381,Linux,55.7
381,A/B Testing,64.0
381,NumPy,96.8
381,Docker,74.6
381,REST APIs,48.6
381,C++,51.9
381,Statistics,89.7
382,REST APIs,56.5
382,NumPy,39.9
382,Airflow,77.6
382,PyTorch,85.1
382,FastAPI,59.4
382,Spark,58.2
382,SQL,47.7
382,Pandas,62.3
382,JavaScript,54.9
383,AWS,71.2
383,NumPy,58.1
383,Git,41.1
383,Docker,67.6
383,Linux,61.3
383,TensorFlow,31.0
383,Django,74.1
383,Kubernetes,82.4
384,scikit-learn,50.4
384,React,61.9
384,Django,29.4
384,Excel,81.7
385,Node.js,73.6
385,Spark,90.9
385,Communication,78.2
385,TensorFlow,82.3
386,A/B Testing,49.9
386,Communication,60.1
386,Excel,79.0
386,Figma,64.6
386,Kubernetes,85.5
387,JavaScript,73.3
387,PowerBI,100.0
387,DSA,68.2
387,Figma,100.0
387,Tableau,68.2
387,REST APIs,65.4
387,scikit-learn,42.0
387,Java,85.0
387,C++,56.0
388,PowerBI,81.1
388,C++,60.8
388,Go,79.9
388,Airflow,95.7
388,AWS,100.0
388,Git,86.4
388,Spark,65.5
388,HTML/CSS,61.1
388,React,75.4
389,PowerBI,55.0
389,AWS,62.1
389,Linux,67.4
389,Python,95.9
390,PowerBI,75.3
390,React,62.2
390,Django,74.5
390,Git,70.7
390,SQL,66.0
391,Statistics,81.1
391,TensorFlow,75.6
391,Communication,68.1
391,NumPy,74.5
391,React,52.5
391,HTML/CSS,60.6
391,Excel,64.6
391,Linux,36.5
392,Pandas,31.9
392,Node.js,38.3
392,Java,76.9
393,SQL,77.5
393,Go,32.5
393,TensorFlow,72.7
393,C++,61.3
393,Java,67.3
393,Spring Boot,48.6
394,Linux,63.8
394,scikit-learn,99.3
394,Spring Boot,87.0
394,AWS,50.6
395,PowerBI,65.1
395,Java,57.9
395,Node.js,54.8
395,Linux,55.0
395,Airflow,39.8
395,Kubernetes,51.5
396,Python,56.3
396,A/B Testing,68.3
396,Git,56.1
396,SQL,26.8
396,Statistics,81.6
397,Go,68.7
397,Tableau,40.1
397,React,69.1
397,Pandas,64.0
398,PyTorch,72.4
398,Communication,35.5
398,C++,77.7
398,Spring Boot,78.7
398,Linux,65.8
399,C++,74.0
399,Node.js,66.6
399,Spring Boot,53.4
399,Python,80.4
399,AWS,25.4
399,Airflow,71.2
399,PyTorch,94.1
399,Figma,90.9
399,Kubernetes,72.0
399,scikit-learn,59.6
400,Python,79.0
400,Node.js,63.9
400,Java,80.8
400,FastAPI,55.4
400,REST APIs,80.0
400,Kubernetes,62.2
400,Spring Boot,51.8
401,SQL,76.6
401,Statistics,55.3
401,Kubernetes,46.1
401,Communication,60.8
402,React,94.6
402,Kubernetes,71.4
402,DSA,76.6
402,Linux,77.9
402,SQL,44.2
403,React,48.9
403,Pandas,100.0
403,Linux,38.9
403,SQL,50.4
403,scikit-learn,25.3
403,Git,71.5
404,Communication,52.7
404,Java,68.9
404,FastAPI,41.8
404,Tableau,59.0
405,Pandas,70.5
405,PowerBI,68.1
405,NumPy,60.3
405,REST APIs,100.0
405,TensorFlow,88.5
405,FastAPI,52.0
405,Statistics,60.1
405,Java,61.1
405,Spark,67.6
406,HTML/CSS,60.2
406,SQL,59.8
406,Java,38.9
406,Docker,79.1
406,Node.js,73.8
406,React,88.1
406,PyTorch,61.2
406,Go,62.4
407,Node.js,91.1
407,Airflow,95.1
407,Git,71.4
407,Kubernetes,100.0
407,Figma,64.2
407,HTML/CSS,82.2
408,A/B Testing,96.7
408,Pandas,100.0
408,FastAPI,35.1
408,Docker,58.6
408,Airflow,46.4
408,Excel,82.8
408,NumPy,70.2
408,DSA,53.5
408,Spring Boot,66.3
409,DSA,59.4
409,A/B Testing,43.4
409,Spring Boot,95.8
409,Tableau,69.4
409,NumPy,51.2
409,Communication,65.6
409,REST APIs,18.1
410,Excel,60.9
410,PyTorch,61.9
410,Docker,80.4
410,Pandas,41.1
410,Spring Boot,61.0
410,React,56.8
410,REST APIs,62.5
410,Tableau,80.3
411,TensorFlow,67.6
411,JavaScript,61.5
411,PyTorch,63.9
411,Communication,35.6
411,Tableau,90.4
412,C++,68.8
412,AWS,78.7
412,JavaScript,59.8
412,A/B Testing,64.8
412,TensorFlow,53.1
412,Kubernetes,81.3
413,Pandas,62.7
413,Statistics,65.2
413,PowerBI,80.6
413,C++,63.2
413,Node.js,97.5
413,PyTorch,62.2
413,Git,60.7
413,REST APIs,61.9
414,Java,49.6
414,React,56.1
414,PyTorch,97.6
414,JavaScript,69.3
414,Python,60.2
414,Spring Boot,77.9
414,Pandas,83.1
415,Statistics,59.2
415,Pandas,53.3
415,Django,65.9
415,PyTorch,44.4
415,PowerBI,72.7
415,Java,85.4
415,JavaScript,63.6
416,FastAPI,94.6
416,Git,82.5
416,Kubernetes,26.2
416,scikit-learn,75.1
416,JavaScript,100.0
416,Statistics,76.2
417,C++,49.6
417,Docker,55.2
417,Kubernetes,91.8
417,NumPy,66.9
418,Docker,45.6
418,HTML/CSS,82.8
418,Java,100.0
418,Figma,33.3
418,Django,58.8
418,FastAPI,87.8
418,PowerBI,39.0
418,Spring Boot,75.2
419,scikit-learn,100.0
419,Statistics,63.9
419,Linux,55.4
420,HTML/CSS,69.3
420,Docker,90.9
420,Spark,68.0
420,NumPy,60.5
420,Linux,32.9
420,C++,35.8
420,Communication,32.0
420,FastAPI,71.8
420,Python,40.5
